AAseq,meanF
QPSP,4.762173935
FPML,5.081404365
CARS,7.598399329
NALC,7.865955414
SASS,7.940939762
QARK,7.276556403
DPRF,5.398162702
FPML,5.214935758
YGQS,7.724004657
HACS,7.75576717
HIYY,4.976733742
SARS,8.055475142
VAAC,7.792348924
HAGS,7.596894438
DACA,7.100027167
NPCC,7.884952946
HACN,6.28785856
YAKA,6.91274282
HACS,8.041734711
DNLQ,5.209486153
DPRL,7.791109511
HGCC,8.273591798
AGPS,6.033086222
MGGS,7.265429723
NSSC,7.839131648
YSYK,4.882801923
LWFD,4.997212274
RF*P,4.890349128