AAseq,meanF
GGAS,6.359573869
DARC,7.905441649
LCII,5.093750201
GGRC,7.784473236
THVG,4.875197323
SAGS,8.088868789
AGRC,6.459904454
NGRN,6.364750757
GAGQ,6.232448017
YGSS,6.442540166
TARS,6.098074282
TARC,7.170119543
NAKA,5.641907071
NGFC,7.390798522
WGRA,6.559615237