AAseq,meanF
ESRV,5.90014441
LAVR,7.298590504
SAQQ,6.506576864
NAVA,5.85202902
LASR,6.749206908
FAKI,6.368924737
NANT,5.536081455
SAYT,5.631958773
KATQ,6.393766665
QAKM,7.730241378
NAEV,4.974171765
PTYK,4.994244705
TCGG,4.813320192
SVTN,4.91554339
HTIQ,4.975531376
HAHF,4.918283299
AFTD,4.994258904
NQFY,4.961587468
HC*E,4.917551155
ERSL,4.959579339
LFFV,5.040950185
FHKI,5.035749213
YA*W,4.920212771
HAMP,4.930890765
*QLK,4.866367111
SIDN,4.897062616
DWWL,4.842708808
PDSP,4.885455216
PRFE,5.000368191
GWIV,4.885447536
NDSA,5.134826506
SFID,4.865033476
WDLR,4.93473324