AAseq,meanF
QARV,6.872128101
GARS,6.156978986
VCYD,4.709530201
GNW*,4.919980926
WVLA,4.8978398
LAKS,5.153291594
GRFC,4.844187086
PGRM,6.313548046
LAKS,5.288267031
KASM,7.471363088
NASS,6.748759547
DART,6.992096427